20-09-2021- 18:35,48
20-09-2021- 18:35,48
20-09-2021- 18:35,48
20-09-2021- 18:35,48
20-09-2021- 18:35,48
20-09-2021- 18:36,48
20-09-2021- 18:36,48
20-09-2021- 18:36,48
20-09-2021- 18:36,48
20-09-2021- 18:37,48
20-09-2021- 18:40,48
20-09-2021- 18:40,48
20-09-2021- 18:41,56
20-09-2021- 18:42,68
20-09-2021- 18:42,68
22-09-2021- 21:25,68
22-09-2021- 21:25,68
22-09-2021- 21:25,68
22-09-2021- 21:25,68
22-09-2021- 21:26,68
22-09-2021- 21:26,68
22-09-2021- 21:26,68
22-09-2021- 21:26,68
22-09-2021- 21:26,68
22-09-2021- 21:26,68
22-09-2021- 21:27,68
22-09-2021- 21:27,68
22-09-2021- 21:27,68
22-09-2021- 21:27,68
22-09-2021- 21:27,68
22-09-2021- 21:27,68
22-09-2021- 21:27,68
22-09-2021- 21:27,68
22-09-2021- 21:27,68
22-09-2021- 21:27,68
22-09-2021- 21:27,68
22-09-2021- 21:27,68
22-09-2021- 21:27,68
22-09-2021- 21:27,68
22-09-2021- 21:27,68
22-09-2021- 21:27,68
22-09-2021- 21:27,68
22-09-2021- 21:27,68
22-09-2021- 21:27,68
22-09-2021- 21:27,68
22-09-2021- 21:27,68
22-09-2021- 21:27,68
