20-09-2021- 18:35,20
20-09-2021- 18:35,20
20-09-2021- 18:35,20
20-09-2021- 18:35,20
20-09-2021- 18:35,20
20-09-2021- 18:36,20
20-09-2021- 18:36,20
20-09-2021- 18:36,2
20-09-2021- 18:36,2000
20-09-2021- 18:37,2000
20-09-2021- 18:40,2000
20-09-2021- 18:40,2000
20-09-2021- 18:41,200
20-09-2021- 18:42,200
20-09-2021- 18:42,100
22-09-2021- 21:25,100
22-09-2021- 21:25,100
22-09-2021- 21:25,100
22-09-2021- 21:25,100
22-09-2021- 21:26,100
22-09-2021- 21:26,100
22-09-2021- 21:26,100
22-09-2021- 21:26,100
22-09-2021- 21:26,100
22-09-2021- 21:26,100
22-09-2021- 21:27,100
22-09-2021- 21:27,100
22-09-2021- 21:27,100
22-09-2021- 21:27,100
22-09-2021- 21:27,100
22-09-2021- 21:27,100
22-09-2021- 21:27,100
22-09-2021- 21:27,100
22-09-2021- 21:27,100
22-09-2021- 21:27,100
22-09-2021- 21:27,100
22-09-2021- 21:27,100
22-09-2021- 21:27,100
22-09-2021- 21:27,100
22-09-2021- 21:27,100
22-09-2021- 21:27,100
22-09-2021- 21:27,100
22-09-2021- 21:27,100
22-09-2021- 21:27,100
22-09-2021- 21:27,100
22-09-2021- 21:27,100
22-09-2021- 21:27,100
