20-09-2021- 18:35,25
20-09-2021- 18:35,25
20-09-2021- 18:35,25
20-09-2021- 18:35,25
20-09-2021- 18:35,25
20-09-2021- 18:36,25
20-09-2021- 18:36,30
20-09-2021- 18:36,30
20-09-2021- 18:36,30
20-09-2021- 18:37,30
20-09-2021- 18:40,35
20-09-2021- 18:40,25
20-09-2021- 18:41,26
20-09-2021- 18:42,24
20-09-2021- 18:42,24
22-09-2021- 21:25,24
22-09-2021- 21:25,25
22-09-2021- 21:25,26
22-09-2021- 21:25,27
22-09-2021- 21:26,28
22-09-2021- 21:26,29
22-09-2021- 21:26,30
22-09-2021- 21:26,25
22-09-2021- 21:26,16
22-09-2021- 21:26,1
22-09-2021- 21:10,2
22-09-2021- 21:11,3
22-09-2021- 21:12,4
22-09-2021- 21:13,5
22-09-2021- 21:14,6
22-09-2021- 21:15,7
22-09-2021- 21:16,8
22-09-2021- 21:17,9
22-09-2021- 21:27,10
22-09-2021- 21:27,12
22-09-2021- 21:27,14
22-09-2021- 21:27,16
22-09-2021- 21:27,18
22-09-2021- 21:27,20
22-09-2021- 21:27,24
22-09-2021- 21:27,28
22-09-2021- 21:27,32
22-09-2021- 21:27,12
22-09-2021- 21:27,11
22-09-2021- 21:27,16
22-09-2021- 21:27,27
22-09-2021- 21:27,8
07-10-2021- 08:37,23
07-10-2021- 08:37,23
07-10-2021- 08:37,23
07-10-2021- 08:38,23
07-10-2021- 08:38,23
07-10-2021- 08:38,23
07-10-2021- 08:38,23
07-10-2021- 08:38,23
07-10-2021- 08:39,23
07-10-2021- 08:39,23
07-10-2021- 08:39,23
07-10-2021- 08:39,23
07-10-2021- 08:39,23
07-10-2021- 08:39,23
07-10-2021- 08:40,23
07-10-2021- 08:40,23
07-10-2021- 08:40,23
07-10-2021- 08:40,23
07-10-2021- 08:40,23
07-10-2021- 08:40,23
07-10-2021- 08:41,23
07-10-2021- 08:41,23
07-10-2021- 08:41,23
07-10-2021- 08:41,23
07-10-2021- 08:41,23
07-10-2021- 08:41,23
07-10-2021- 08:44,23
07-10-2021- 08:44,23
07-10-2021- 08:44,23
07-10-2021- 08:44,23
07-10-2021- 08:45,23
07-10-2021- 08:45,23
07-10-2021- 08:45,23
07-10-2021- 08:45,23
07-10-2021- 08:45,23
07-10-2021- 08:46,23
07-10-2021- 08:46,23
07-10-2021- 08:46,23
07-10-2021- 08:46,23
07-10-2021- 08:46,23
07-10-2021- 08:47,23
07-10-2021- 08:47,23
07-10-2021- 08:47,23
07-10-2021- 08:47,23
07-10-2021- 08:48,23
07-10-2021- 08:48,23
07-10-2021- 08:48,23
07-10-2021- 08:48,23
07-10-2021- 08:48,23
07-10-2021- 08:48,23
07-10-2021- 08:49,23
07-10-2021- 08:49,23
07-10-2021- 08:49,23
07-10-2021- 08:49,23
07-10-2021- 08:49,23
07-10-2021- 08:49,23
07-10-2021- 08:50,23
07-10-2021- 08:50,23
07-10-2021- 08:50,23
07-10-2021- 08:50,23
07-10-2021- 08:50,23
07-10-2021- 08:50,23
07-10-2021- 08:51,23
07-10-2021- 08:51,23
07-10-2021- 08:51,23
07-10-2021- 08:51,23
07-10-2021- 08:51,23
07-10-2021- 08:52,23
07-10-2021- 08:52,23
07-10-2021- 08:52,23
07-10-2021- 08:52,23
07-10-2021- 08:52,23
07-10-2021- 08:52,23
07-10-2021- 08:53,23
07-10-2021- 08:53,23
07-10-2021- 08:53,23
07-10-2021- 08:53,23
07-10-2021- 08:53,23
07-10-2021- 08:53,23
07-10-2021- 08:54,23
07-10-2021- 08:54,23
07-10-2021- 08:54,23
07-10-2021- 08:54,23
07-10-2021- 08:54,23
07-10-2021- 08:54,23
07-10-2021- 08:55,23
07-10-2021- 08:55,23
07-10-2021- 08:55,23
07-10-2021- 08:55,23
07-10-2021- 08:55,23
07-10-2021- 08:55,23
07-10-2021- 08:56,23
07-10-2021- 08:56,23
07-10-2021- 08:56,23
07-10-2021- 08:56,23
07-10-2021- 08:56,23
07-10-2021- 08:56,23
07-10-2021- 08:57,23
07-10-2021- 08:57,23
07-10-2021- 08:57,23
07-10-2021- 08:57,23
07-10-2021- 08:57,23
07-10-2021- 08:57,23
07-10-2021- 08:58,23
07-10-2021- 08:58,23
07-10-2021- 08:58,23
07-10-2021- 08:58,23
07-10-2021- 08:58,23
07-10-2021- 08:58,23
07-10-2021- 08:59,23
07-10-2021- 08:59,23
07-10-2021- 08:59,23
07-10-2021- 08:59,23
07-10-2021- 08:59,23
07-10-2021- 08:59,23
07-10-2021- 09:00,23
07-10-2021- 09:00,23
07-10-2021- 09:00,23
07-10-2021- 09:00,23
07-10-2021- 09:00,23
07-10-2021- 09:00,23
07-10-2021- 09:01,23
07-10-2021- 09:01,23
07-10-2021- 09:01,23
07-10-2021- 09:01,23
07-10-2021- 09:01,23
07-10-2021- 09:01,23
07-10-2021- 09:02,23
07-10-2021- 09:02,23
07-10-2021- 09:02,23
07-10-2021- 09:02,23
07-10-2021- 09:02,23
07-10-2021- 09:02,23
07-10-2021- 09:03,23
07-10-2021- 09:03,23
07-10-2021- 09:03,23
07-10-2021- 09:03,23
07-10-2021- 09:03,23
07-10-2021- 09:03,23
07-10-2021- 09:04,23
07-10-2021- 09:04,23
07-10-2021- 09:04,23
07-10-2021- 09:04,23
07-10-2021- 09:04,23
07-10-2021- 09:04,23
07-10-2021- 09:05,23
07-10-2021- 09:05,23
07-10-2021- 09:05,23
07-10-2021- 09:05,23
07-10-2021- 09:05,23
07-10-2021- 09:05,23
07-10-2021- 09:06,23
07-10-2021- 09:06,23
07-10-2021- 09:06,23
07-10-2021- 09:06,23
07-10-2021- 09:06,23
07-10-2021- 09:06,23
07-10-2021- 09:07,23
07-10-2021- 09:07,23
07-10-2021- 09:07,23
07-10-2021- 09:07,23
07-10-2021- 09:07,23
07-10-2021- 09:07,23
07-10-2021- 09:08,23
07-10-2021- 09:08,23
07-10-2021- 09:08,23
07-10-2021- 09:08,23
07-10-2021- 09:08,23
07-10-2021- 09:08,23
07-10-2021- 09:09,23
07-10-2021- 09:09,23
07-10-2021- 09:09,23
07-10-2021- 09:09,23
07-10-2021- 09:09,23
07-10-2021- 09:09,23
07-10-2021- 09:10,23
07-10-2021- 09:10,23
07-10-2021- 09:10,23
07-10-2021- 09:10,23
07-10-2021- 09:10,23
07-10-2021- 09:10,23
07-10-2021- 09:11,23
07-10-2021- 09:11,23
07-10-2021- 09:11,23
07-10-2021- 09:11,23
07-10-2021- 09:11,23
07-10-2021- 09:11,23
07-10-2021- 09:12,23
07-10-2021- 09:12,23
07-10-2021- 09:12,23
07-10-2021- 09:12,23
07-10-2021- 09:12,23
07-10-2021- 09:12,23
07-10-2021- 09:28,23
07-10-2021- 09:28,24
07-10-2021- 09:28,24
07-10-2021- 09:28,24
07-10-2021- 09:28,24
07-10-2021- 09:28,24
07-10-2021- 09:28,24
07-10-2021- 09:28,24
07-10-2021- 09:28,24
07-10-2021- 09:28,24
07-10-2021- 09:28,24
07-10-2021- 09:28,24
07-10-2021- 09:28,24
07-10-2021- 09:28,24
07-10-2021- 09:28,24
07-10-2021- 09:28,24
07-10-2021- 09:28,24
07-10-2021- 09:28,24
07-10-2021- 09:28,24
07-10-2021- 09:28,24
07-10-2021- 09:28,24
07-10-2021- 09:28,24
07-10-2021- 09:28,24
07-10-2021- 09:28,24
07-10-2021- 09:28,24
07-10-2021- 09:28,24
07-10-2021- 09:28,24
07-10-2021- 09:28,24
07-10-2021- 09:28,24
07-10-2021- 09:28,24
07-10-2021- 09:28,24
07-10-2021- 09:28,24
07-10-2021- 09:28,24
07-10-2021- 09:28,24
07-10-2021- 09:28,24
07-10-2021- 09:28,24
07-10-2021- 09:28,24
07-10-2021- 09:28,24
07-10-2021- 09:28,24
07-10-2021- 09:28,24
07-10-2021- 09:28,24
07-10-2021- 09:28,24
07-10-2021- 09:28,24
07-10-2021- 09:28,24
07-10-2021- 09:28,24
07-10-2021- 09:28,24
07-10-2021- 09:28,24
07-10-2021- 09:28,24
07-10-2021- 09:28,24
07-10-2021- 09:28,24
07-10-2021- 09:28,24
07-10-2021- 09:28,24
07-10-2021- 09:28,24
07-10-2021- 09:28,24
07-10-2021- 09:28,24
07-10-2021- 09:29,24
07-10-2021- 09:29,24
07-10-2021- 09:29,24
07-10-2021- 09:29,24
07-10-2021- 09:29,24
07-10-2021- 09:29,24
07-10-2021- 09:29,24
07-10-2021- 09:29,24
07-10-2021- 09:29,24
07-10-2021- 09:29,24
07-10-2021- 09:29,24
07-10-2021- 09:29,24
07-10-2021- 09:29,24
07-10-2021- 09:29,24
07-10-2021- 09:29,24
07-10-2021- 09:29,24
07-10-2021- 09:29,24
07-10-2021- 09:29,24
07-10-2021- 09:29,24
07-10-2021- 09:29,24
07-10-2021- 09:29,24
07-10-2021- 09:29,24
07-10-2021- 09:29,25
07-10-2021- 09:29,24
07-10-2021- 09:29,24
07-10-2021- 09:29,24
07-10-2021- 09:29,24
07-10-2021- 09:29,24
07-10-2021- 09:29,25
07-10-2021- 09:29,25
07-10-2021- 09:29,24
07-10-2021- 09:29,25
07-10-2021- 09:29,24
07-10-2021- 09:29,24
07-10-2021- 09:29,25
07-10-2021- 09:29,25
07-10-2021- 09:29,24
07-10-2021- 09:29,25
07-10-2021- 09:29,25
07-10-2021- 09:29,25
07-10-2021- 09:29,25
07-10-2021- 09:29,24
07-10-2021- 09:29,24
07-10-2021- 09:29,25
07-10-2021- 09:29,25
07-10-2021- 09:29,25
07-10-2021- 09:29,25
07-10-2021- 09:29,25
07-10-2021- 09:29,25
07-10-2021- 09:29,25
07-10-2021- 09:29,25
07-10-2021- 09:29,25
07-10-2021- 09:29,25
07-10-2021- 09:29,25
07-10-2021- 09:29,25
07-10-2021- 09:29,25
07-10-2021- 09:29,25
07-10-2021- 09:29,25
07-10-2021- 09:29,25
07-10-2021- 09:30,25
07-10-2021- 09:30,25
07-10-2021- 09:30,25
07-10-2021- 09:30,25
07-10-2021- 09:30,25
07-10-2021- 09:30,25
07-10-2021- 09:30,25
07-10-2021- 09:30,25
07-10-2021- 09:30,25
07-10-2021- 09:30,25
07-10-2021- 09:30,25
07-10-2021- 09:30,25
07-10-2021- 09:30,25
07-10-2021- 09:30,25
07-10-2021- 09:30,25
07-10-2021- 09:30,25
07-10-2021- 09:30,25
07-10-2021- 09:30,25
07-10-2021- 09:30,25
07-10-2021- 09:30,25
07-10-2021- 09:30,25
07-10-2021- 09:30,25
07-10-2021- 09:30,25
07-10-2021- 09:30,25
07-10-2021- 09:30,25
07-10-2021- 09:30,25
07-10-2021- 09:30,25
07-10-2021- 09:30,25
07-10-2021- 09:30,25
07-10-2021- 09:30,25
07-10-2021- 09:30,25
07-10-2021- 09:30,25
07-10-2021- 09:30,25
07-10-2021- 09:30,25
07-10-2021- 09:30,25
07-10-2021- 09:30,25
07-10-2021- 09:30,25
07-10-2021- 09:30,25
07-10-2021- 09:30,25
07-10-2021- 09:30,25
07-10-2021- 09:30,25
07-10-2021- 09:30,25
07-10-2021- 09:30,25
07-10-2021- 09:30,25
07-10-2021- 09:30,25
07-10-2021- 09:30,25
07-10-2021- 09:30,25
07-10-2021- 09:30,25
07-10-2021- 09:30,25
07-10-2021- 09:30,25
07-10-2021- 09:30,25
07-10-2021- 09:30,25
07-10-2021- 09:30,25
07-10-2021- 09:30,25
07-10-2021- 09:30,25
07-10-2021- 09:30,25
07-10-2021- 09:30,25
07-10-2021- 09:30,25
07-10-2021- 09:30,25
07-10-2021- 09:30,25
07-10-2021- 09:31,25
07-10-2021- 09:31,25
07-10-2021- 09:31,25
07-10-2021- 09:31,25
07-10-2021- 09:31,25
07-10-2021- 09:31,25
07-10-2021- 09:31,25
07-10-2021- 09:31,25
07-10-2021- 09:31,25
07-10-2021- 09:31,25
07-10-2021- 09:31,25
07-10-2021- 09:31,25
07-10-2021- 09:31,25
07-10-2021- 09:31,25
07-10-2021- 09:31,25
07-10-2021- 09:31,25
07-10-2021- 09:31,25
07-10-2021- 09:31,25
07-10-2021- 09:31,25
07-10-2021- 09:31,25
07-10-2021- 09:31,25
07-10-2021- 09:31,25
07-10-2021- 09:31,25
07-10-2021- 09:31,25
07-10-2021- 09:31,25
07-10-2021- 09:31,25
07-10-2021- 09:31,25
07-10-2021- 09:31,25
07-10-2021- 09:31,25
07-10-2021- 09:31,25
07-10-2021- 09:31,25
07-10-2021- 09:31,25
07-10-2021- 09:31,25
07-10-2021- 09:31,25
07-10-2021- 09:31,25
07-10-2021- 09:31,25
07-10-2021- 09:31,25
07-10-2021- 09:31,25
07-10-2021- 09:31,25
07-10-2021- 09:31,25
07-10-2021- 09:31,25
07-10-2021- 09:31,25
07-10-2021- 09:31,25
07-10-2021- 09:31,25
07-10-2021- 09:31,25
07-10-2021- 09:31,25
07-10-2021- 09:31,25
07-10-2021- 09:31,25
07-10-2021- 09:31,25
07-10-2021- 09:31,25
07-10-2021- 09:31,25
07-10-2021- 09:31,25
07-10-2021- 09:31,25
07-10-2021- 09:31,25
07-10-2021- 09:31,25
07-10-2021- 09:31,25
07-10-2021- 09:31,25
07-10-2021- 09:31,25
07-10-2021- 09:31,25
07-10-2021- 09:31,25
07-10-2021- 09:32,25
07-10-2021- 09:32,25
07-10-2021- 09:32,25
07-10-2021- 09:32,25
07-10-2021- 09:32,25
07-10-2021- 09:32,25
07-10-2021- 09:32,25
07-10-2021- 09:32,25
07-10-2021- 09:32,25
07-10-2021- 09:32,25
07-10-2021- 09:32,25
07-10-2021- 09:32,25
07-10-2021- 09:32,25
07-10-2021- 09:32,25
07-10-2021- 09:32,25
07-10-2021- 09:32,25
07-10-2021- 09:32,25
07-10-2021- 09:32,25
07-10-2021- 09:32,25
07-10-2021- 09:32,25
07-10-2021- 09:32,25
07-10-2021- 09:32,25
07-10-2021- 09:32,25
07-10-2021- 09:32,25
07-10-2021- 09:32,25
07-10-2021- 09:32,25
07-10-2021- 09:32,25
07-10-2021- 09:32,25
07-10-2021- 09:32,25
07-10-2021- 09:32,25
07-10-2021- 09:32,25
07-10-2021- 09:32,25
07-10-2021- 09:32,25
07-10-2021- 09:32,25
07-10-2021- 09:32,25
07-10-2021- 09:32,25
07-10-2021- 09:32,25
07-10-2021- 09:32,25
07-10-2021- 09:32,25
07-10-2021- 09:32,25
07-10-2021- 09:32,25
07-10-2021- 09:32,25
07-10-2021- 09:32,25
07-10-2021- 09:32,25
07-10-2021- 09:32,25
07-10-2021- 09:32,25
07-10-2021- 09:32,25
07-10-2021- 09:32,25
07-10-2021- 09:32,25
07-10-2021- 09:32,25
07-10-2021- 09:32,25
07-10-2021- 09:32,25
07-10-2021- 09:32,25
07-10-2021- 09:32,25
07-10-2021- 09:32,25
07-10-2021- 09:32,25
07-10-2021- 09:32,25
07-10-2021- 09:32,25
07-10-2021- 09:32,25
07-10-2021- 09:33,25
07-10-2021- 09:33,25
07-10-2021- 09:33,25
07-10-2021- 09:33,25
07-10-2021- 09:33,25
07-10-2021- 09:33,25
07-10-2021- 09:33,25
07-10-2021- 09:33,25
07-10-2021- 09:33,25
07-10-2021- 09:33,25
07-10-2021- 09:33,25
07-10-2021- 09:33,25
07-10-2021- 09:33,25
07-10-2021- 09:33,25
07-10-2021- 09:33,25
07-10-2021- 09:33,25
07-10-2021- 09:33,25
07-10-2021- 09:33,25
07-10-2021- 09:33,25
07-10-2021- 09:33,25
07-10-2021- 09:33,25
07-10-2021- 09:33,25
07-10-2021- 09:33,25
07-10-2021- 09:33,25
07-10-2021- 09:33,25
07-10-2021- 09:33,25
07-10-2021- 09:33,25
07-10-2021- 09:33,25
07-10-2021- 09:33,25
07-10-2021- 09:33,25
07-10-2021- 09:33,25
07-10-2021- 09:33,25
07-10-2021- 09:33,25
07-10-2021- 09:33,25
07-10-2021- 09:33,25
07-10-2021- 09:33,25
07-10-2021- 09:33,25
07-10-2021- 09:33,25
07-10-2021- 09:33,25
07-10-2021- 09:33,25
07-10-2021- 09:33,25
07-10-2021- 09:33,25
07-10-2021- 09:33,25
07-10-2021- 09:33,25
07-10-2021- 09:33,25
07-10-2021- 09:33,25
07-10-2021- 09:33,25
07-10-2021- 09:33,25
07-10-2021- 09:33,25
07-10-2021- 09:33,25
07-10-2021- 09:33,25
07-10-2021- 09:33,25
07-10-2021- 09:33,25
07-10-2021- 09:33,25
07-10-2021- 09:33,25
07-10-2021- 09:33,25
07-10-2021- 09:33,25
07-10-2021- 09:33,25
07-10-2021- 09:33,25
07-10-2021- 09:33,25
07-10-2021- 09:34,25
07-10-2021- 09:34,25
07-10-2021- 09:34,25
07-10-2021- 09:34,25
07-10-2021- 09:34,25
07-10-2021- 09:34,25
07-10-2021- 09:34,25
07-10-2021- 09:34,25
07-10-2021- 09:34,25
07-10-2021- 09:34,25
07-10-2021- 09:34,25
07-10-2021- 09:34,25
07-10-2021- 09:34,25
07-10-2021- 09:34,25
07-10-2021- 09:34,25
07-10-2021- 09:34,25
07-10-2021- 09:34,25
07-10-2021- 09:34,25
07-10-2021- 09:34,25
07-10-2021- 09:34,25
07-10-2021- 09:34,25
07-10-2021- 09:34,25
07-10-2021- 09:34,25
07-10-2021- 09:34,25
07-10-2021- 09:34,25
07-10-2021- 09:34,25
07-10-2021- 09:34,25
07-10-2021- 09:34,25
07-10-2021- 09:34,25
07-10-2021- 09:34,25
07-10-2021- 09:34,25
07-10-2021- 09:34,25
07-10-2021- 09:34,25
07-10-2021- 09:34,25
07-10-2021- 09:34,25
07-10-2021- 09:34,25
07-10-2021- 09:34,25
07-10-2021- 09:34,25
07-10-2021- 09:34,25
07-10-2021- 09:34,25
07-10-2021- 09:34,25
07-10-2021- 09:34,25
07-10-2021- 09:34,25
07-10-2021- 09:34,25
07-10-2021- 09:34,25
07-10-2021- 09:34,25
07-10-2021- 09:34,25
07-10-2021- 09:34,25
07-10-2021- 09:34,25
07-10-2021- 09:34,25
07-10-2021- 09:34,25
07-10-2021- 09:34,25
07-10-2021- 09:34,25
07-10-2021- 09:34,25
07-10-2021- 09:34,25
07-10-2021- 09:34,25
07-10-2021- 09:34,25
07-10-2021- 09:34,25
07-10-2021- 09:34,25
07-10-2021- 09:34,25
07-10-2021- 09:35,25
07-10-2021- 09:35,25
07-10-2021- 09:35,25
07-10-2021- 09:35,25
07-10-2021- 09:35,25
07-10-2021- 09:35,25
07-10-2021- 09:35,25
07-10-2021- 09:35,25
07-10-2021- 09:35,25
07-10-2021- 09:35,25
07-10-2021- 09:35,25
07-10-2021- 09:35,25
07-10-2021- 09:35,25
07-10-2021- 09:35,25
07-10-2021- 09:35,25
07-10-2021- 09:35,25
07-10-2021- 09:35,25
07-10-2021- 09:35,25
07-10-2021- 09:35,25
07-10-2021- 09:35,25
07-10-2021- 09:35,25
07-10-2021- 09:35,25
07-10-2021- 09:35,25
07-10-2021- 09:35,25
07-10-2021- 09:35,25
07-10-2021- 09:35,25
07-10-2021- 09:35,25
07-10-2021- 09:35,25
07-10-2021- 09:35,25
07-10-2021- 09:35,25
07-10-2021- 09:35,25
07-10-2021- 09:35,25
07-10-2021- 09:35,25
07-10-2021- 09:35,25
07-10-2021- 09:35,25
07-10-2021- 09:36,25
07-10-2021- 09:36,25
07-10-2021- 09:36,25
07-10-2021- 09:36,25
07-10-2021- 09:36,25
07-10-2021- 09:36,25
07-10-2021- 09:36,25
07-10-2021- 09:36,25
07-10-2021- 09:36,25
07-10-2021- 09:36,25
07-10-2021- 09:36,25
07-10-2021- 09:36,25
07-10-2021- 09:36,25
07-10-2021- 09:36,25
07-10-2021- 09:36,25
07-10-2021- 09:36,25
07-10-2021- 09:36,25
07-10-2021- 09:36,25
07-10-2021- 09:36,25
07-10-2021- 09:36,25
07-10-2021- 09:36,25
07-10-2021- 09:36,25
07-10-2021- 09:36,25
07-10-2021- 09:36,25
07-10-2021- 09:36,25
07-10-2021- 09:36,25
07-10-2021- 09:36,25
07-10-2021- 09:36,25
07-10-2021- 09:36,25
07-10-2021- 09:36,25
07-10-2021- 09:36,25
07-10-2021- 09:36,25
07-10-2021- 09:36,25
07-10-2021- 09:36,25
07-10-2021- 09:36,25
07-10-2021- 09:36,25
07-10-2021- 09:36,25
07-10-2021- 09:36,25
07-10-2021- 09:36,25
07-10-2021- 09:36,25
07-10-2021- 09:36,25
07-10-2021- 09:36,25
07-10-2021- 09:36,25
07-10-2021- 09:36,25
07-10-2021- 09:36,25
07-10-2021- 09:36,25
07-10-2021- 09:36,25
07-10-2021- 09:36,25
07-10-2021- 09:36,25
07-10-2021- 09:36,25
07-10-2021- 09:36,25
07-10-2021- 09:36,25
07-10-2021- 09:36,25
07-10-2021- 09:36,25
07-10-2021- 09:36,25
07-10-2021- 09:36,25
07-10-2021- 09:37,25
07-10-2021- 09:37,25
07-10-2021- 09:37,25
07-10-2021- 09:37,25
07-10-2021- 09:37,25
07-10-2021- 09:37,25
07-10-2021- 09:37,25
07-10-2021- 09:37,25
07-10-2021- 10:00,24
07-10-2021- 10:00,25
07-10-2021- 10:00,24
07-10-2021- 10:00,24
07-10-2021- 10:00,24
07-10-2021- 10:00,24
07-10-2021- 10:00,24
07-10-2021- 10:00,24
07-10-2021- 10:00,24
07-10-2021- 10:00,24
07-10-2021- 10:00,24
07-10-2021- 10:00,24
07-10-2021- 10:00,24
07-10-2021- 10:00,24
07-10-2021- 10:00,24
07-10-2021- 10:00,24
07-10-2021- 10:00,24
07-10-2021- 10:00,24
07-10-2021- 10:00,24
07-10-2021- 10:00,24
07-10-2021- 10:00,24
07-10-2021- 10:01,24
07-10-2021- 10:01,24
07-10-2021- 10:01,24
07-10-2021- 10:01,24
07-10-2021- 10:01,24
07-10-2021- 10:01,24
07-10-2021- 10:01,24
07-10-2021- 10:02,24
07-10-2021- 10:02,24
07-10-2021- 10:02,24
07-10-2021- 10:02,24
07-10-2021- 10:02,24
07-10-2021- 10:02,24
07-10-2021- 10:02,24
07-10-2021- 10:02,24
07-10-2021- 10:02,24
07-10-2021- 10:02,24
07-10-2021- 10:02,24
07-10-2021- 10:02,24
07-10-2021- 10:02,24
07-10-2021- 10:02,24
07-10-2021- 10:02,24
07-10-2021- 10:02,24
07-10-2021- 10:02,24
07-10-2021- 10:02,24
07-10-2021- 10:02,24
07-10-2021- 10:02,24
07-10-2021- 10:02,24
07-10-2021- 10:02,24
07-10-2021- 10:02,24
07-10-2021- 10:02,24
07-10-2021- 10:02,24
07-10-2021- 10:02,24
07-10-2021- 10:02,24
07-10-2021- 10:02,24
07-10-2021- 10:02,24
07-10-2021- 10:02,24
07-10-2021- 10:03,24
07-10-2021- 10:03,24
07-10-2021- 10:03,24
07-10-2021- 10:03,24
07-10-2021- 10:03,24
07-10-2021- 10:03,24
07-10-2021- 10:03,24
07-10-2021- 10:03,24
07-10-2021- 10:03,24
07-10-2021- 10:03,24
07-10-2021- 10:03,24
07-10-2021- 10:03,24
07-10-2021- 10:03,24
07-10-2021- 10:03,24
07-10-2021- 10:03,24
07-10-2021- 10:03,24
07-10-2021- 10:03,24
07-10-2021- 10:03,24
07-10-2021- 10:03,24
07-10-2021- 10:03,24
07-10-2021- 10:03,24
07-10-2021- 10:03,24
07-10-2021- 10:03,24
07-10-2021- 10:03,24
07-10-2021- 10:03,24
07-10-2021- 10:03,24
07-10-2021- 10:03,24
07-10-2021- 10:03,24
07-10-2021- 10:03,24
07-10-2021- 10:03,24
07-10-2021- 10:04,24
07-10-2021- 10:04,24
07-10-2021- 10:04,24
07-10-2021- 10:04,24
07-10-2021- 10:04,24
07-10-2021- 10:04,24
07-10-2021- 10:04,24
07-10-2021- 10:04,24
07-10-2021- 10:04,24
07-10-2021- 10:04,24
07-10-2021- 10:04,24
07-10-2021- 10:04,24
07-10-2021- 10:04,24
07-10-2021- 10:04,24
07-10-2021- 10:04,24
07-10-2021- 10:04,24
07-10-2021- 10:04,24
07-10-2021- 10:04,24
07-10-2021- 10:04,24
07-10-2021- 10:04,24
07-10-2021- 10:04,24
07-10-2021- 10:04,24
07-10-2021- 10:04,24
07-10-2021- 10:04,24
07-10-2021- 10:04,24
07-10-2021- 10:04,24
07-10-2021- 10:04,24
07-10-2021- 10:04,24
07-10-2021- 10:04,24
07-10-2021- 10:04,24
07-10-2021- 10:05,24
07-10-2021- 10:05,24
07-10-2021- 10:05,24
07-10-2021- 10:05,24
07-10-2021- 10:05,24
07-10-2021- 10:05,24
07-10-2021- 10:05,24
07-10-2021- 10:05,24
07-10-2021- 10:05,24
07-10-2021- 10:05,24
07-10-2021- 10:05,24
07-10-2021- 10:05,24
07-10-2021- 10:05,24
07-10-2021- 10:05,24
07-10-2021- 10:05,24
07-10-2021- 10:05,24
07-10-2021- 10:05,24
07-10-2021- 10:05,24
07-10-2021- 10:05,24
07-10-2021- 10:05,24
07-10-2021- 10:05,24
07-10-2021- 10:05,24
07-10-2021- 10:05,24
07-10-2021- 10:05,24
07-10-2021- 10:05,24
07-10-2021- 10:05,24
07-10-2021- 10:05,24
07-10-2021- 10:05,24
07-10-2021- 10:05,24
07-10-2021- 10:06,24
07-10-2021- 10:06,24
07-10-2021- 10:06,24
07-10-2021- 10:06,24
07-10-2021- 10:06,24
07-10-2021- 10:06,24
07-10-2021- 10:06,24
07-10-2021- 10:06,24
07-10-2021- 10:06,24
07-10-2021- 10:06,24
07-10-2021- 10:06,24
07-10-2021- 10:06,24
07-10-2021- 10:06,24
07-10-2021- 10:06,24
07-10-2021- 10:06,24
07-10-2021- 10:06,24
07-10-2021- 10:06,24
07-10-2021- 10:06,24
07-10-2021- 10:06,24
07-10-2021- 10:06,24
07-10-2021- 10:06,24
07-10-2021- 10:06,24
07-10-2021- 10:06,24
07-10-2021- 10:06,24
07-10-2021- 10:06,24
07-10-2021- 10:06,24
07-10-2021- 10:06,24
07-10-2021- 10:06,24
07-10-2021- 10:06,24
07-10-2021- 10:06,24
07-10-2021- 10:07,24
07-10-2021- 10:07,24
07-10-2021- 10:07,24
07-10-2021- 10:07,24
07-10-2021- 10:07,24
07-10-2021- 10:07,24
07-10-2021- 10:07,24
07-10-2021- 10:07,24
07-10-2021- 10:07,24
07-10-2021- 10:07,24
07-10-2021- 10:07,24
07-10-2021- 10:07,24
07-10-2021- 10:07,24
07-10-2021- 10:07,24
07-10-2021- 10:07,24
07-10-2021- 10:07,24
07-10-2021- 10:07,24
07-10-2021- 10:07,24
07-10-2021- 10:07,24
07-10-2021- 10:07,24
07-10-2021- 10:07,24
07-10-2021- 10:07,24
07-10-2021- 10:07,24
07-10-2021- 10:07,24
07-10-2021- 10:07,24
07-10-2021- 10:07,24
07-10-2021- 10:07,24
07-10-2021- 10:07,24
07-10-2021- 10:07,24
07-10-2021- 10:07,24
07-10-2021- 10:08,24
07-10-2021- 10:08,24
07-10-2021- 10:08,24
07-10-2021- 10:08,24
07-10-2021- 10:08,24
07-10-2021- 10:08,24
07-10-2021- 10:08,24
07-10-2021- 10:08,24
07-10-2021- 10:08,24
07-10-2021- 10:08,24
07-10-2021- 10:08,24
07-10-2021- 10:08,24
07-10-2021- 10:08,24
07-10-2021- 10:08,24
07-10-2021- 10:08,24
07-10-2021- 10:08,24
07-10-2021- 10:08,24
07-10-2021- 10:08,24
07-10-2021- 10:08,24
07-10-2021- 10:08,24
07-10-2021- 10:08,24
07-10-2021- 10:08,24
07-10-2021- 10:08,24
07-10-2021- 10:08,24
07-10-2021- 10:08,24
07-10-2021- 10:08,24
07-10-2021- 10:08,24
07-10-2021- 10:08,24
07-10-2021- 10:08,24
07-10-2021- 10:08,24
07-10-2021- 10:09,24
07-10-2021- 10:09,24
07-10-2021- 10:09,24
07-10-2021- 10:09,24
07-10-2021- 10:09,24
07-10-2021- 10:09,24
07-10-2021- 10:09,24
07-10-2021- 10:09,24
07-10-2021- 10:09,24
07-10-2021- 10:09,24
07-10-2021- 10:09,24
07-10-2021- 10:09,24
07-10-2021- 10:09,24
07-10-2021- 10:09,24
07-10-2021- 10:09,24
07-10-2021- 10:09,24
07-10-2021- 10:09,24
07-10-2021- 10:09,24
07-10-2021- 10:09,24
07-10-2021- 10:09,24
07-10-2021- 10:09,24
07-10-2021- 10:09,24
07-10-2021- 10:09,24
07-10-2021- 10:09,24
07-10-2021- 10:09,24
07-10-2021- 10:09,24
07-10-2021- 10:09,24
07-10-2021- 10:09,24
07-10-2021- 10:09,24
07-10-2021- 10:09,24
07-10-2021- 10:10,24
07-10-2021- 10:10,24
07-10-2021- 10:10,24
07-10-2021- 10:10,24
07-10-2021- 10:10,24
07-10-2021- 10:10,24
07-10-2021- 10:10,24
07-10-2021- 10:10,24
07-10-2021- 10:10,24
07-10-2021- 10:10,24
07-10-2021- 10:10,24
07-10-2021- 10:10,24
07-10-2021- 10:10,25
07-10-2021- 10:10,24
07-10-2021- 10:10,24
07-10-2021- 10:10,24
07-10-2021- 10:10,24
07-10-2021- 10:10,24
07-10-2021- 10:10,25
07-10-2021- 10:10,24
07-10-2021- 10:10,24
07-10-2021- 10:10,24
07-10-2021- 10:10,24
07-10-2021- 10:10,24
07-10-2021- 10:10,25
07-10-2021- 10:10,24
07-10-2021- 10:10,24
07-10-2021- 10:10,24
07-10-2021- 10:10,24
07-10-2021- 10:10,24
07-10-2021- 10:11,24
07-10-2021- 10:11,24
07-10-2021- 10:11,25
07-10-2021- 10:11,24
07-10-2021- 10:11,24
07-10-2021- 10:11,24
07-10-2021- 10:11,24
07-10-2021- 10:11,24
07-10-2021- 10:11,24
07-10-2021- 10:11,24
07-10-2021- 10:11,24
07-10-2021- 10:11,24
07-10-2021- 10:11,25
07-10-2021- 10:11,25
07-10-2021- 10:11,24
07-10-2021- 10:11,24
07-10-2021- 10:11,24
07-10-2021- 10:11,24
07-10-2021- 10:11,24
07-10-2021- 10:11,24
07-10-2021- 10:11,24
07-10-2021- 10:11,25
07-10-2021- 10:11,24
07-10-2021- 10:11,24
07-10-2021- 10:11,24
07-10-2021- 10:11,24
07-10-2021- 10:11,24
07-10-2021- 10:11,24
07-10-2021- 10:11,24
07-10-2021- 10:11,24
07-10-2021- 10:12,24
07-10-2021- 10:12,24
07-10-2021- 10:12,24
07-10-2021- 10:12,25
07-10-2021- 10:12,24
07-10-2021- 10:12,24
07-10-2021- 10:12,24
07-10-2021- 10:12,24
07-10-2021- 10:12,25
07-10-2021- 10:12,25
07-10-2021- 10:12,25
07-10-2021- 10:12,25
07-10-2021- 10:12,24
07-10-2021- 10:12,25
07-10-2021- 10:12,25
07-10-2021- 10:12,25
07-10-2021- 10:12,25
07-10-2021- 10:12,25
07-10-2021- 10:12,25
07-10-2021- 10:12,25
07-10-2021- 10:12,25
07-10-2021- 10:12,25
07-10-2021- 10:12,25
07-10-2021- 10:12,25
07-10-2021- 10:12,25
07-10-2021- 10:12,25
07-10-2021- 10:12,25
07-10-2021- 10:12,25
07-10-2021- 10:12,25
07-10-2021- 10:13,25
07-10-2021- 10:13,25
07-10-2021- 10:13,25
07-10-2021- 10:13,25
07-10-2021- 10:13,24
07-10-2021- 10:13,25
07-10-2021- 10:13,25
07-10-2021- 10:13,25
07-10-2021- 10:13,24
07-10-2021- 10:13,25
07-10-2021- 10:13,25
07-10-2021- 10:13,25
07-10-2021- 10:13,25
07-10-2021- 10:13,25
07-10-2021- 10:13,25
07-10-2021- 10:13,25
07-10-2021- 10:13,25
07-10-2021- 10:13,25
07-10-2021- 10:13,25
07-10-2021- 10:13,25
07-10-2021- 10:13,24
07-10-2021- 10:13,25
07-10-2021- 10:13,25
07-10-2021- 10:13,25
07-10-2021- 10:13,25
07-10-2021- 10:13,24
07-10-2021- 10:13,24
07-10-2021- 10:13,25
07-10-2021- 10:13,25
07-10-2021- 10:13,24
07-10-2021- 10:14,24
07-10-2021- 10:14,25
07-10-2021- 10:14,24
07-10-2021- 10:14,25
07-10-2021- 10:14,25
07-10-2021- 10:14,25
07-10-2021- 10:14,25
07-10-2021- 10:14,24
07-10-2021- 10:14,25
07-10-2021- 10:14,25
07-10-2021- 10:14,25
07-10-2021- 10:14,25
07-10-2021- 10:14,24
07-10-2021- 10:14,24
07-10-2021- 10:14,25
07-10-2021- 10:14,25
07-10-2021- 10:14,25
07-10-2021- 10:14,25
07-10-2021- 10:14,25
07-10-2021- 10:14,25
07-10-2021- 10:14,25
07-10-2021- 10:14,24
07-10-2021- 10:14,25
07-10-2021- 10:14,25
07-10-2021- 10:14,25
07-10-2021- 10:14,25
07-10-2021- 10:14,25
07-10-2021- 10:14,25
07-10-2021- 10:14,25
07-10-2021- 10:14,25
07-10-2021- 10:15,25
07-10-2021- 10:15,25
07-10-2021- 10:15,25
07-10-2021- 10:15,25
07-10-2021- 10:15,25
07-10-2021- 10:15,25
07-10-2021- 10:15,25
07-10-2021- 10:15,25
07-10-2021- 10:15,25
07-10-2021- 10:15,25
07-10-2021- 10:15,25
07-10-2021- 10:15,25
07-10-2021- 10:15,25
07-10-2021- 10:15,25
07-10-2021- 10:15,25
07-10-2021- 10:15,25
07-10-2021- 10:15,25
07-10-2021- 10:15,25
07-10-2021- 10:15,25
07-10-2021- 10:15,25
07-10-2021- 10:15,25
07-10-2021- 10:15,25
07-10-2021- 10:15,25
07-10-2021- 10:15,25
07-10-2021- 10:15,25
07-10-2021- 10:15,25
07-10-2021- 10:15,25
07-10-2021- 10:15,25
07-10-2021- 10:15,25
07-10-2021- 10:15,25
07-10-2021- 10:16,25
07-10-2021- 10:16,25
07-10-2021- 10:16,24
07-10-2021- 10:16,25
07-10-2021- 10:16,25
07-10-2021- 10:16,25
07-10-2021- 10:16,25
07-10-2021- 10:16,25
07-10-2021- 10:16,25
07-10-2021- 10:16,25
07-10-2021- 10:16,25
07-10-2021- 10:16,25
07-10-2021- 10:16,25
07-10-2021- 10:16,25
07-10-2021- 10:16,25
07-10-2021- 10:16,25
07-10-2021- 10:16,25
07-10-2021- 10:16,25
07-10-2021- 10:16,25
07-10-2021- 10:16,24
07-10-2021- 10:16,24
07-10-2021- 10:16,25
07-10-2021- 10:16,25
07-10-2021- 10:16,25
07-10-2021- 10:16,25
07-10-2021- 10:16,24
07-10-2021- 10:16,25
07-10-2021- 10:16,24
07-10-2021- 10:16,24
07-10-2021- 10:16,25
07-10-2021- 10:17,25
07-10-2021- 10:17,25
07-10-2021- 10:17,24
07-10-2021- 10:17,25
07-10-2021- 10:17,25
07-10-2021- 10:17,25
07-10-2021- 10:17,25
07-10-2021- 10:17,24
07-10-2021- 10:17,25
07-10-2021- 10:17,25
07-10-2021- 10:17,25
07-10-2021- 10:17,25
07-10-2021- 10:17,25
07-10-2021- 10:17,24
07-10-2021- 10:17,25
07-10-2021- 10:17,25
07-10-2021- 10:17,25
07-10-2021- 10:17,25
07-10-2021- 10:17,25
07-10-2021- 10:17,25
07-10-2021- 10:17,25
07-10-2021- 10:17,25
07-10-2021- 10:17,24
07-10-2021- 10:17,25
07-10-2021- 10:17,25
07-10-2021- 10:17,25
07-10-2021- 10:17,25
07-10-2021- 10:17,25
07-10-2021- 10:17,25
07-10-2021- 10:17,25
07-10-2021- 10:18,25
07-10-2021- 10:18,25
07-10-2021- 10:18,25
07-10-2021- 10:18,25
07-10-2021- 10:18,25
07-10-2021- 10:18,24
07-10-2021- 10:18,25
07-10-2021- 10:18,25
07-10-2021- 10:18,25
07-10-2021- 10:18,25
07-10-2021- 10:18,25
07-10-2021- 10:18,25
07-10-2021- 10:18,25
07-10-2021- 10:18,25
07-10-2021- 10:18,25
07-10-2021- 10:18,25
07-10-2021- 10:18,24
07-10-2021- 10:18,25
07-10-2021- 10:18,25
07-10-2021- 10:18,25
07-10-2021- 10:18,24
07-10-2021- 10:18,24
07-10-2021- 10:18,25
07-10-2021- 10:18,25
07-10-2021- 10:18,25
07-10-2021- 10:18,25
07-10-2021- 10:18,25
07-10-2021- 10:18,25
07-10-2021- 10:18,25
07-10-2021- 10:19,25
07-10-2021- 10:19,24
07-10-2021- 10:19,25
07-10-2021- 10:19,25
07-10-2021- 10:19,24
07-10-2021- 10:19,25
07-10-2021- 10:19,25
07-10-2021- 10:19,24
07-10-2021- 10:19,25
07-10-2021- 10:19,24
07-10-2021- 10:19,24
07-10-2021- 10:19,24
07-10-2021- 10:19,25
07-10-2021- 10:19,24
07-10-2021- 10:19,25
07-10-2021- 10:19,24
07-10-2021- 10:19,25
07-10-2021- 10:19,24
07-10-2021- 10:19,25
07-10-2021- 10:19,25
07-10-2021- 10:19,25
07-10-2021- 10:19,24
07-10-2021- 10:19,25
07-10-2021- 10:19,25
07-10-2021- 10:19,25
07-10-2021- 10:19,25
07-10-2021- 10:19,25
07-10-2021- 10:19,25
07-10-2021- 10:19,25
07-10-2021- 10:19,25
07-10-2021- 10:20,25
07-10-2021- 10:20,25
07-10-2021- 10:20,25
07-10-2021- 10:20,25
07-10-2021- 10:20,25
07-10-2021- 10:20,25
07-10-2021- 10:20,25
07-10-2021- 10:20,25
07-10-2021- 10:20,24
07-10-2021- 10:20,25
07-10-2021- 10:20,25
07-10-2021- 10:20,25
07-10-2021- 10:20,25
07-10-2021- 10:20,25
07-10-2021- 10:20,24
07-10-2021- 10:20,25
07-10-2021- 10:20,25
07-10-2021- 10:20,25
07-10-2021- 10:20,25
07-10-2021- 10:20,25
07-10-2021- 10:20,25
07-10-2021- 10:20,25
07-10-2021- 10:20,25
07-10-2021- 10:20,25
07-10-2021- 10:20,25
07-10-2021- 10:20,24
07-10-2021- 10:20,24
07-10-2021- 10:20,25
07-10-2021- 10:20,25
07-10-2021- 10:20,25
07-10-2021- 10:21,25
07-10-2021- 10:21,24
07-10-2021- 10:21,25
07-10-2021- 10:21,25
07-10-2021- 10:21,25
07-10-2021- 10:21,25
07-10-2021- 10:21,25
07-10-2021- 10:21,25
07-10-2021- 10:21,25
07-10-2021- 10:21,25
07-10-2021- 10:21,25
07-10-2021- 10:21,25
07-10-2021- 10:21,25
07-10-2021- 10:21,25
07-10-2021- 10:21,24
07-10-2021- 10:21,24
07-10-2021- 10:21,25
07-10-2021- 10:21,25
07-10-2021- 10:21,25
07-10-2021- 10:21,25
07-10-2021- 10:21,25
07-10-2021- 10:21,25
07-10-2021- 10:21,24
07-10-2021- 10:21,25
07-10-2021- 10:21,24
07-10-2021- 10:21,24
07-10-2021- 10:21,25
07-10-2021- 10:21,25
07-10-2021- 10:21,25
07-10-2021- 10:21,25
07-10-2021- 10:22,25
07-10-2021- 10:22,25
07-10-2021- 10:22,24
07-10-2021- 10:22,25
07-10-2021- 10:22,25
07-10-2021- 10:22,25
07-10-2021- 10:22,25
07-10-2021- 10:22,25
07-10-2021- 10:22,25
07-10-2021- 10:22,25
07-10-2021- 10:22,25
07-10-2021- 10:22,25
07-10-2021- 10:22,25
07-10-2021- 10:22,25
07-10-2021- 10:22,25
07-10-2021- 10:22,25
07-10-2021- 10:22,25
07-10-2021- 10:22,25
07-10-2021- 10:22,25
07-10-2021- 10:22,25
07-10-2021- 10:22,25
07-10-2021- 10:22,25
07-10-2021- 10:22,25
07-10-2021- 10:22,25
07-10-2021- 10:22,25
07-10-2021- 10:22,25
07-10-2021- 10:22,25
07-10-2021- 10:22,25
07-10-2021- 10:22,25
07-10-2021- 10:22,25
07-10-2021- 10:23,25
07-10-2021- 10:23,25
07-10-2021- 10:23,24
07-10-2021- 10:23,25
07-10-2021- 10:23,25
07-10-2021- 10:23,25
07-10-2021- 10:23,25
07-10-2021- 10:23,25
07-10-2021- 10:23,24
07-10-2021- 10:23,25
07-10-2021- 10:23,25
07-10-2021- 10:23,25
07-10-2021- 10:23,25
07-10-2021- 10:23,25
07-10-2021- 10:23,25
07-10-2021- 10:23,24
07-10-2021- 10:23,25
07-10-2021- 10:23,25
07-10-2021- 10:23,25
07-10-2021- 10:23,24
07-10-2021- 10:23,25
07-10-2021- 10:23,25
07-10-2021- 10:23,25
07-10-2021- 10:23,25
07-10-2021- 10:23,25
07-10-2021- 10:23,24
07-10-2021- 10:23,24
07-10-2021- 10:23,25
07-10-2021- 10:23,24
07-10-2021- 10:23,25
07-10-2021- 10:24,25
07-10-2021- 10:24,24
07-10-2021- 10:24,24
07-10-2021- 10:24,25
07-10-2021- 10:24,25
07-10-2021- 10:24,25
07-10-2021- 10:24,25
07-10-2021- 10:24,24
07-10-2021- 10:24,25
07-10-2021- 10:24,25
07-10-2021- 10:24,25
07-10-2021- 10:24,24
07-10-2021- 10:24,25
07-10-2021- 10:24,25
07-10-2021- 10:24,25
07-10-2021- 10:24,25
07-10-2021- 10:24,25
07-10-2021- 10:24,24
07-10-2021- 10:24,25
07-10-2021- 10:24,25
07-10-2021- 10:24,25
07-10-2021- 10:24,24
07-10-2021- 10:24,24
07-10-2021- 10:24,25
07-10-2021- 10:24,25
07-10-2021- 10:24,25
07-10-2021- 10:24,25
07-10-2021- 10:24,24
07-10-2021- 10:24,24
07-10-2021- 10:25,25
07-10-2021- 10:25,25
07-10-2021- 10:25,25
07-10-2021- 10:25,25
07-10-2021- 10:25,25
07-10-2021- 10:25,25
07-10-2021- 10:25,25
07-10-2021- 10:25,25
07-10-2021- 10:25,25
07-10-2021- 10:25,25
07-10-2021- 10:25,25
07-10-2021- 10:25,25
07-10-2021- 10:25,25
07-10-2021- 10:25,25
07-10-2021- 10:25,25
07-10-2021- 10:25,25
07-10-2021- 10:25,25
07-10-2021- 10:25,25
07-10-2021- 10:26,24
07-10-2021- 10:26,24
07-10-2021- 10:26,24
07-10-2021- 10:26,25
07-10-2021- 10:26,25
07-10-2021- 10:26,24
07-10-2021- 10:26,25
07-10-2021- 10:26,24
07-10-2021- 10:26,25
07-10-2021- 10:26,24
07-10-2021- 10:26,24
07-10-2021- 10:26,25
07-10-2021- 10:26,25
07-10-2021- 10:26,25
07-10-2021- 10:26,25
07-10-2021- 10:26,25
07-10-2021- 10:26,25
07-10-2021- 10:27,25
07-10-2021- 10:27,25
07-10-2021- 10:27,25
07-10-2021- 10:27,24
07-10-2021- 10:27,24
07-10-2021- 10:27,25
07-10-2021- 10:27,25
07-10-2021- 10:27,25
07-10-2021- 10:27,25
07-10-2021- 10:27,25
07-10-2021- 10:27,25
07-10-2021- 10:27,24
07-10-2021- 10:27,24
07-10-2021- 10:27,25
07-10-2021- 10:27,25
07-10-2021- 10:27,24
07-10-2021- 10:27,25
07-10-2021- 10:27,25
07-10-2021- 10:27,25
07-10-2021- 10:27,24
07-10-2021- 10:27,25
07-10-2021- 10:27,25
07-10-2021- 10:27,24
07-10-2021- 10:27,25
07-10-2021- 10:27,25
07-10-2021- 10:27,24
07-10-2021- 10:27,25
07-10-2021- 10:27,25
07-10-2021- 10:27,25
07-10-2021- 10:27,25
07-10-2021- 10:28,25
07-10-2021- 10:28,24
07-10-2021- 10:28,25
07-10-2021- 10:28,25
07-10-2021- 10:28,25
07-10-2021- 10:28,25
07-10-2021- 10:28,25
07-10-2021- 10:28,25
07-10-2021- 10:28,25
07-10-2021- 10:28,25
07-10-2021- 10:28,24
07-10-2021- 10:28,24
07-10-2021- 10:28,25
07-10-2021- 10:28,25
07-10-2021- 10:28,24
07-10-2021- 10:28,25
07-10-2021- 10:28,25
07-10-2021- 10:28,25
07-10-2021- 10:28,25
07-10-2021- 10:28,25
07-10-2021- 10:28,25
07-10-2021- 10:28,25
07-10-2021- 10:28,25
07-10-2021- 10:28,25
07-10-2021- 10:28,25
07-10-2021- 10:28,25
07-10-2021- 10:28,25
07-10-2021- 10:28,25
07-10-2021- 10:28,25
07-10-2021- 10:29,25
07-10-2021- 10:29,25
07-10-2021- 10:29,25
07-10-2021- 10:29,25
07-10-2021- 10:29,25
07-10-2021- 10:29,25
07-10-2021- 10:29,25
07-10-2021- 10:29,25
07-10-2021- 10:29,25
07-10-2021- 10:29,25
07-10-2021- 10:29,25
07-10-2021- 10:29,25
07-10-2021- 10:29,25
07-10-2021- 10:29,25
07-10-2021- 10:29,25
07-10-2021- 10:29,25
07-10-2021- 10:29,25
07-10-2021- 10:29,25
07-10-2021- 10:29,25
07-10-2021- 10:29,25
07-10-2021- 10:29,25
07-10-2021- 10:29,25
07-10-2021- 10:29,25
07-10-2021- 10:29,25
07-10-2021- 10:29,25
07-10-2021- 10:29,25
07-10-2021- 10:29,25
07-10-2021- 10:29,25
07-10-2021- 10:29,25
07-10-2021- 10:29,25
07-10-2021- 10:30,25
07-10-2021- 10:30,25
07-10-2021- 10:30,24
07-10-2021- 10:30,25
07-10-2021- 10:30,25
07-10-2021- 10:30,25
07-10-2021- 10:30,25
07-10-2021- 10:30,25
07-10-2021- 10:30,25
07-10-2021- 10:30,25
07-10-2021- 10:30,25
07-10-2021- 10:30,25
07-10-2021- 10:30,25
07-10-2021- 10:30,25
07-10-2021- 10:30,25
07-10-2021- 10:30,24
07-10-2021- 10:30,25
07-10-2021- 10:30,25
07-10-2021- 10:30,25
07-10-2021- 10:30,25
07-10-2021- 10:30,25
07-10-2021- 10:30,25
07-10-2021- 10:30,25
07-10-2021- 10:30,25
07-10-2021- 10:30,25
07-10-2021- 10:30,25
07-10-2021- 10:30,25
07-10-2021- 10:30,25
07-10-2021- 10:30,25
07-10-2021- 10:30,25
07-10-2021- 10:31,25
07-10-2021- 10:31,25
07-10-2021- 10:31,25
07-10-2021- 10:31,25
07-10-2021- 10:31,25
07-10-2021- 10:31,25
07-10-2021- 10:31,25
07-10-2021- 10:31,25
07-10-2021- 10:31,25
07-10-2021- 10:31,25
07-10-2021- 10:31,25
07-10-2021- 10:31,25
07-10-2021- 10:31,25
07-10-2021- 10:31,25
07-10-2021- 10:31,25
07-10-2021- 10:31,25
07-10-2021- 10:31,25
07-10-2021- 10:31,25
07-10-2021- 10:31,25
07-10-2021- 10:31,25
07-10-2021- 10:31,25
07-10-2021- 10:31,25
07-10-2021- 10:31,25
07-10-2021- 10:31,25
07-10-2021- 10:31,25
07-10-2021- 10:31,25
07-10-2021- 10:31,25
07-10-2021- 10:31,25
07-10-2021- 10:31,25
07-10-2021- 10:31,25
07-10-2021- 10:32,25
07-10-2021- 10:32,25
07-10-2021- 10:32,25
07-10-2021- 10:32,25
07-10-2021- 10:32,25
07-10-2021- 10:32,25
07-10-2021- 10:32,25
07-10-2021- 10:32,25
07-10-2021- 10:32,25
07-10-2021- 10:32,25
07-10-2021- 10:32,25
07-10-2021- 10:32,25
07-10-2021- 10:32,25
07-10-2021- 10:32,25
07-10-2021- 10:32,25
07-10-2021- 10:32,25
07-10-2021- 10:32,25
07-10-2021- 10:32,25
07-10-2021- 10:32,25
07-10-2021- 10:32,25
07-10-2021- 10:32,25
07-10-2021- 10:32,25
07-10-2021- 10:32,25
07-10-2021- 10:32,25
07-10-2021- 10:32,25
07-10-2021- 10:32,25
07-10-2021- 10:32,25
07-10-2021- 10:32,25
07-10-2021- 10:32,25
07-10-2021- 10:32,25
07-10-2021- 10:33,25
07-10-2021- 10:33,25
07-10-2021- 10:33,25
07-10-2021- 10:33,25
07-10-2021- 10:33,25
07-10-2021- 10:33,25
07-10-2021- 10:33,25
07-10-2021- 10:33,25
07-10-2021- 10:33,25
07-10-2021- 10:33,25
07-10-2021- 10:33,25
07-10-2021- 10:33,25
07-10-2021- 10:33,25
07-10-2021- 10:33,25
07-10-2021- 10:33,25
07-10-2021- 10:33,25
07-10-2021- 10:33,25
07-10-2021- 10:33,25
07-10-2021- 10:33,25
07-10-2021- 10:33,25
07-10-2021- 10:33,25
07-10-2021- 10:33,25
07-10-2021- 10:33,25
07-10-2021- 10:33,25
07-10-2021- 10:33,25
07-10-2021- 10:33,25
07-10-2021- 10:33,25
07-10-2021- 10:33,25
07-10-2021- 10:33,25
07-10-2021- 10:33,25
07-10-2021- 10:34,25
07-10-2021- 10:34,25
07-10-2021- 10:34,25
07-10-2021- 10:34,25
07-10-2021- 10:34,25
07-10-2021- 10:34,25
07-10-2021- 10:34,25
07-10-2021- 10:34,25
07-10-2021- 10:34,25
07-10-2021- 10:34,25
07-10-2021- 10:34,25
07-10-2021- 10:34,25
07-10-2021- 10:34,25
07-10-2021- 10:34,25
07-10-2021- 10:34,25
07-10-2021- 10:34,25
07-10-2021- 10:34,25
07-10-2021- 10:34,25
07-10-2021- 10:34,25
07-10-2021- 10:34,25
07-10-2021- 10:34,25
07-10-2021- 10:34,25
07-10-2021- 10:34,25
07-10-2021- 10:34,25
07-10-2021- 10:34,25
07-10-2021- 10:34,25
07-10-2021- 10:34,25
07-10-2021- 10:34,25
07-10-2021- 10:34,25
07-10-2021- 10:35,25
07-10-2021- 10:35,25
07-10-2021- 10:35,25
07-10-2021- 10:35,25
07-10-2021- 10:35,25
07-10-2021- 10:35,25
07-10-2021- 10:35,25
07-10-2021- 10:35,25
07-10-2021- 10:35,25
07-10-2021- 10:35,25
07-10-2021- 10:35,25
07-10-2021- 10:35,25
07-10-2021- 10:35,25
07-10-2021- 10:35,25
07-10-2021- 10:35,25
07-10-2021- 10:35,25
07-10-2021- 10:35,25
07-10-2021- 10:35,25
07-10-2021- 10:35,25
07-10-2021- 10:35,25
07-10-2021- 10:35,25
07-10-2021- 10:35,25
07-10-2021- 10:35,25
07-10-2021- 10:35,25
07-10-2021- 10:35,25
07-10-2021- 10:35,25
07-10-2021- 10:35,25
07-10-2021- 10:35,25
07-10-2021- 10:35,25
07-10-2021- 10:35,24
07-10-2021- 10:36,25
07-10-2021- 10:36,25
07-10-2021- 10:36,25
07-10-2021- 10:36,25
07-10-2021- 10:36,25
07-10-2021- 10:36,25
07-10-2021- 10:36,25
07-10-2021- 10:36,24
07-10-2021- 10:36,25
07-10-2021- 10:36,25
07-10-2021- 10:36,25
07-10-2021- 10:36,25
07-10-2021- 10:36,25
07-10-2021- 10:36,25
07-10-2021- 10:36,25
07-10-2021- 10:36,25
07-10-2021- 10:36,25
07-10-2021- 10:36,25
07-10-2021- 10:36,25
07-10-2021- 10:36,25
07-10-2021- 10:36,25
07-10-2021- 10:36,25
07-10-2021- 10:36,25
07-10-2021- 10:36,25
07-10-2021- 10:36,25
07-10-2021- 10:36,25
07-10-2021- 10:36,25
07-10-2021- 10:36,25
07-10-2021- 10:36,25
07-10-2021- 10:36,25
07-10-2021- 10:37,25
07-10-2021- 10:37,25
07-10-2021- 10:37,25
07-10-2021- 10:37,25
07-10-2021- 10:37,25
07-10-2021- 10:37,25
07-10-2021- 10:37,25
07-10-2021- 10:37,25
07-10-2021- 10:37,25
07-10-2021- 10:37,25
07-10-2021- 10:37,25
07-10-2021- 10:37,25
07-10-2021- 10:37,25
07-10-2021- 10:37,25
07-10-2021- 10:37,25
07-10-2021- 10:37,25
07-10-2021- 10:37,25
07-10-2021- 10:37,25
07-10-2021- 10:37,25
07-10-2021- 10:37,25
07-10-2021- 10:37,25
07-10-2021- 10:37,25
07-10-2021- 10:37,25
07-10-2021- 10:37,25
07-10-2021- 10:37,25
07-10-2021- 10:37,25
07-10-2021- 10:37,25
07-10-2021- 10:37,25
07-10-2021- 10:37,25
07-10-2021- 10:37,25
07-10-2021- 10:38,25
07-10-2021- 10:38,25
07-10-2021- 10:38,25
07-10-2021- 10:38,25
07-10-2021- 10:38,25
07-10-2021- 10:38,25
07-10-2021- 10:38,25
07-10-2021- 10:38,25
07-10-2021- 10:38,25
07-10-2021- 10:38,25
07-10-2021- 10:38,25
07-10-2021- 10:38,25
07-10-2021- 10:38,25
07-10-2021- 10:38,25
07-10-2021- 10:38,25
07-10-2021- 10:38,25
07-10-2021- 10:38,25
07-10-2021- 10:38,25
07-10-2021- 10:38,25
07-10-2021- 10:38,25
07-10-2021- 10:38,24
07-10-2021- 10:38,25
07-10-2021- 10:38,25
07-10-2021- 10:38,25
07-10-2021- 10:38,25
07-10-2021- 10:38,25
07-10-2021- 10:38,25
07-10-2021- 10:38,25
07-10-2021- 10:38,25
07-10-2021- 10:38,25
07-10-2021- 10:39,25
07-10-2021- 10:39,25
07-10-2021- 10:39,25
07-10-2021- 10:39,25
07-10-2021- 10:39,25
07-10-2021- 10:39,24
07-10-2021- 10:39,25
07-10-2021- 10:39,25
07-10-2021- 10:39,25
07-10-2021- 10:39,25
07-10-2021- 10:39,25
07-10-2021- 10:39,24
07-10-2021- 10:39,25
07-10-2021- 10:39,25
07-10-2021- 10:39,25
07-10-2021- 10:39,25
07-10-2021- 10:39,25
07-10-2021- 10:39,25
07-10-2021- 10:39,25
07-10-2021- 10:39,25
07-10-2021- 10:39,25
07-10-2021- 10:39,25
07-10-2021- 10:39,25
07-10-2021- 10:39,25
07-10-2021- 10:39,25
07-10-2021- 10:39,25
07-10-2021- 10:39,25
07-10-2021- 10:39,25
07-10-2021- 10:39,25
07-10-2021- 10:39,25
07-10-2021- 10:40,25
07-10-2021- 10:40,25
07-10-2021- 10:40,25
07-10-2021- 10:40,25
07-10-2021- 10:40,25
07-10-2021- 10:40,25
07-10-2021- 10:40,25
07-10-2021- 10:40,25
07-10-2021- 10:40,25
07-10-2021- 10:40,25
07-10-2021- 10:40,25
07-10-2021- 10:40,25
07-10-2021- 10:40,25
07-10-2021- 10:40,25
07-10-2021- 10:40,25
07-10-2021- 10:40,25
07-10-2021- 10:40,25
07-10-2021- 10:40,25
07-10-2021- 10:40,25
07-10-2021- 10:40,25
07-10-2021- 10:40,25
07-10-2021- 10:40,25
07-10-2021- 10:40,25
07-10-2021- 10:40,25
07-10-2021- 10:40,25
07-10-2021- 10:40,25
07-10-2021- 10:40,25
07-10-2021- 10:40,25
07-10-2021- 10:40,25
07-10-2021- 10:41,25
07-10-2021- 10:41,25
07-10-2021- 10:41,25
07-10-2021- 10:41,25
07-10-2021- 10:41,25
07-10-2021- 10:41,25
07-10-2021- 10:41,25
07-10-2021- 10:41,25
07-10-2021- 10:41,25
07-10-2021- 10:41,25
07-10-2021- 10:41,25
07-10-2021- 10:41,25
07-10-2021- 10:41,25
07-10-2021- 10:41,25
07-10-2021- 10:41,25
07-10-2021- 10:41,25
07-10-2021- 10:41,25
07-10-2021- 10:41,25
07-10-2021- 10:41,25
07-10-2021- 10:41,24
07-10-2021- 10:41,25
07-10-2021- 10:41,25
07-10-2021- 10:41,25
07-10-2021- 10:41,25
07-10-2021- 10:41,25
07-10-2021- 10:41,25
07-10-2021- 10:41,25
07-10-2021- 10:41,25
07-10-2021- 10:42,25
07-10-2021- 10:42,25
07-10-2021- 10:42,25
07-10-2021- 10:42,25
07-10-2021- 10:42,25
07-10-2021- 10:42,25
07-10-2021- 10:42,25
07-10-2021- 10:42,25
07-10-2021- 10:42,25
07-10-2021- 10:42,25
07-10-2021- 10:42,25
07-10-2021- 10:42,25
07-10-2021- 10:42,25
07-10-2021- 10:42,25
07-10-2021- 10:42,25
07-10-2021- 10:42,25
07-10-2021- 10:42,25
07-10-2021- 10:42,25
07-10-2021- 10:42,25
07-10-2021- 10:42,25
07-10-2021- 10:42,25
07-10-2021- 10:42,25
07-10-2021- 10:42,25
07-10-2021- 10:42,25
07-10-2021- 10:42,25
07-10-2021- 10:42,25
07-10-2021- 10:42,25
07-10-2021- 10:42,25
07-10-2021- 10:43,25
07-10-2021- 10:43,25
07-10-2021- 10:43,25
07-10-2021- 10:43,25
07-10-2021- 10:43,25
07-10-2021- 10:43,25
07-10-2021- 10:43,25
07-10-2021- 10:43,25
07-10-2021- 10:43,25
07-10-2021- 10:43,25
07-10-2021- 10:43,25
07-10-2021- 10:43,25
07-10-2021- 10:43,25
07-10-2021- 10:43,25
07-10-2021- 10:43,25
07-10-2021- 10:43,25
07-10-2021- 10:43,25
07-10-2021- 10:43,25
07-10-2021- 10:43,25
07-10-2021- 10:43,25
07-10-2021- 10:43,25
07-10-2021- 10:43,25
07-10-2021- 10:43,25
07-10-2021- 10:43,25
07-10-2021- 10:43,25
07-10-2021- 10:43,25
07-10-2021- 10:43,25
07-10-2021- 10:43,25
07-10-2021- 10:43,25
07-10-2021- 10:43,25
07-10-2021- 10:44,25
07-10-2021- 10:44,25
07-10-2021- 10:44,25
07-10-2021- 10:44,25
07-10-2021- 10:44,25
07-10-2021- 10:44,25
07-10-2021- 10:44,25
07-10-2021- 10:44,25
07-10-2021- 10:44,25
07-10-2021- 10:44,25
07-10-2021- 10:44,25
07-10-2021- 10:44,24
07-10-2021- 10:44,25
07-10-2021- 10:44,25
07-10-2021- 10:44,24
07-10-2021- 10:44,25
07-10-2021- 10:44,25
07-10-2021- 10:44,25
07-10-2021- 10:44,25
07-10-2021- 10:44,25
07-10-2021- 10:44,25
07-10-2021- 10:44,24
07-10-2021- 10:44,25
07-10-2021- 10:44,25
07-10-2021- 10:44,25
07-10-2021- 10:44,25
07-10-2021- 10:44,25
07-10-2021- 10:44,25
07-10-2021- 10:45,25
07-10-2021- 10:45,25
07-10-2021- 10:45,25
07-10-2021- 10:45,25
07-10-2021- 10:45,25
07-10-2021- 10:45,25
07-10-2021- 10:45,25
07-10-2021- 10:45,25
07-10-2021- 10:45,25
07-10-2021- 10:45,25
07-10-2021- 10:45,25
07-10-2021- 10:45,25
07-10-2021- 10:45,25
07-10-2021- 10:45,25
07-10-2021- 10:45,25
07-10-2021- 10:45,25
07-10-2021- 10:45,25
07-10-2021- 10:45,25
07-10-2021- 10:45,25
07-10-2021- 10:45,25
07-10-2021- 10:45,25
07-10-2021- 10:45,25
07-10-2021- 10:45,25
07-10-2021- 10:45,25
07-10-2021- 10:45,25
07-10-2021- 10:45,25
07-10-2021- 10:45,25
07-10-2021- 10:45,25
07-10-2021- 10:45,25
07-10-2021- 10:46,25
07-10-2021- 10:46,25
07-10-2021- 10:46,25
07-10-2021- 10:46,25
07-10-2021- 10:46,25
07-10-2021- 10:46,25
07-10-2021- 10:46,25
07-10-2021- 10:46,25
07-10-2021- 10:46,25
07-10-2021- 10:46,25
07-10-2021- 10:46,25
07-10-2021- 10:46,25
07-10-2021- 10:46,25
07-10-2021- 10:46,25
07-10-2021- 10:46,25
07-10-2021- 10:46,25
07-10-2021- 10:46,25
07-10-2021- 10:46,25
07-10-2021- 10:46,25
07-10-2021- 10:46,25
